FID;Modelo;Fabricante;Situación;ENLACE;GRAD_X;GRAD_Y
0;155B Los Patines;TUYO HPC;P. VIera y Clavijo;https://www.santacruzdetenerife.es/fileadmin/biosaludables/155B.pdf;-16,26195733;28,46525166
1;155F Barras Paralelas;TUYO HPC;P. VIera y Clavijo;https://www.santacruzdetenerife.es/fileadmin/biosaludables/155F.pdf;-16,26190587;28,46527879
2;155H El Jinete;TUYO HPC;P. VIera y Clavijo;https://www.santacruzdetenerife.es/fileadmin/biosaludables/155H.pdf;-16,26189269;28,46532814
3;207T Step & Twist;TUYO HPC;Avda. Los Majuelos;https://www.santacruzdetenerife.es/fileadmin/biosaludables/207T.pdf;-16,31187868;28,44314043
4;155B Los Patines;TUYO HPC;Avda. Los Majuelos;https://www.santacruzdetenerife.es/fileadmin/biosaludables/155B.pdf;-16,31223847;28,44292645
5;155F Barras Paralelas;TUYO HPC;Avda. Los Majuelos;https://www.santacruzdetenerife.es/fileadmin/biosaludables/155F.pdf;-16,31274629;28,442625
6;155H El Jinete;TUYO HPC;Avda. Los Majuelos;https://www.santacruzdetenerife.es/fileadmin/biosaludables/155H.pdf;-16,31305879;28,44243894
7;202T Bicicleta Estática;TUYO HPC;Avda. Marítima;https://www.santacruzdetenerife.es/fileadmin/biosaludables/202T.pdf;-16,24871112;28,46187106
8;155B Los Patines;TUYO HPC;Avda. Marítima;https://www.santacruzdetenerife.es/fileadmin/biosaludables/155B.pdf;-16,24865641;28,46197408
9;154B Esquí de Fondo;TUYO HPC;Avda. Marítima;https://www.santacruzdetenerife.es/fileadmin/biosaludables/154B.pdf;-16,24860566;28,46206241
10;155B Los Patines;TUYO HPC;Fernández Navarro;https://www.santacruzdetenerife.es/fileadmin/biosaludables/155B.pdf;-16,25387779;28,46189409
11;207T Step & Twist;TUYO HPC;Fernández Navarro;https://www.santacruzdetenerife.es/fileadmin/biosaludables/207T.pdf;-16,25384865;28,46189333
12;202T Bicicleta Estática;TUYO HPC;Ganivet;https://www.santacruzdetenerife.es/fileadmin/biosaludables/202T.pdf;-16,26860138;28,46005851
13;155B Los Patines;TUYO HPC;Ganivet;https://www.santacruzdetenerife.es/fileadmin/biosaludables/155B.pdf;-16,26860216;28,46002659
14;202T Bicicleta Estática;TUYO HPC;P. La Granja;https://www.santacruzdetenerife.es/fileadmin/biosaludables/202T.pdf;-16,26632758;28,46240629
15;154B Esquí de Fondo;TUYO HPC;P. La Granja;https://www.santacruzdetenerife.es/fileadmin/biosaludables/154B.pdf;-16,266235;28,46226403
16;154D Sube y Baja;TUYO HPC;P. La Granja;https://www.santacruzdetenerife.es/fileadmin/biosaludables/154D.pdf;-16,26631791;28,46218191
17;202T Bicicleta Estática;TUYO HPC;San Juan de la Rambla;https://www.santacruzdetenerife.es/fileadmin/biosaludables/202T.pdf;-16,27621772;28,47006999
18;207T Step & Twist;TUYO HPC;San Juan de la Rambla;https://www.santacruzdetenerife.es/fileadmin/biosaludables/207T.pdf;-16,27623263;28,47005029
19;154G Rueda Grande;TUYO HPC;Pza. La Victoria;https://www.santacruzdetenerife.es/fileadmin/biosaludables/154G.pdf;-16,25982022;28,45898871
20;155B Los Patines;TUYO HPC;Pza. La Victoria;https://www.santacruzdetenerife.es/fileadmin/biosaludables/155B.pdf;-16,25981055;28,45895894
21;202T Bicicleta Estática;TUYO HPC;Pza. García Escámez;https://www.santacruzdetenerife.es/fileadmin/biosaludables/202T.pdf;-16,273002;28,45520575
22;155I El Remo;TUYO HPC;Pza. García Escámez;https://www.santacruzdetenerife.es/fileadmin/biosaludables/155I.pdf;-16,2729129;28,45513477
23;154B Esquí de Fondo;TUYO HPC;Pza. García Escámez;https://www.santacruzdetenerife.es/fileadmin/biosaludables/154B.pdf;-16,27286304;28,4551306
24;AMM-019 Torsión de Tronc;Kido;Pza. García Escámez; ;-16,27277533;28,45517621
25;AMM-017 Stepper;Kido;Pza. García Escámez; ;-16,2727587;28,45517405
26;AMM-018 Bicicleta Est.;Kido;Pza. San José; ;-16,33358575;28,42507268
27;AMM-012 Movimiento Brazo;Kido;Pza. San José; ;-16,33363388;28,42506582
28;AMM-011 Escalera Dedos;Kido;Pza. María Auxiliadora; ;-16,2574281;28,46510869
29;155I El Remo;TUYO HPC;Avda. Príncipes de España;https://www.santacruzdetenerife.es/fileadmin/biosaludables/155I.pdf;-16,28610772;28,45097263
30;202T Bicicleta Estática;TUYO HPC;Avda. Príncipes de España;https://www.santacruzdetenerife.es/fileadmin/biosaludables/202T.pdf;-16,28616243;28,4507634
31;155E Silla Pectorales;TUYO HPC;Avda. Príncipes de España;https://www.santacruzdetenerife.es/fileadmin/biosaludables/155E.pdf;-16,28591142;28,4513097
32;154B Esquí de Fondo;TUYO HPC;Avda. Príncipes de España;https://www.santacruzdetenerife.es/fileadmin/biosaludables/154B.pdf;-16,28586386;28,45151886
33;AMM-015 Mov. Ondular;Kido;Avda. Príncipes de España; ;-16,28477971;28,45381482
34;AMM-018 Bicicleta Est.;Kido;Avda. Príncipes de España; ;-16,28476551;28,45384813
35;AMM-013 Mov. Circ. Brazo;Kido;Avda. Príncipes de España; ;-16,28474927;28,45388515
36;154B Esquí de Fondo;TUYO HPC;P. Santa Catalina;https://www.santacruzdetenerife.es/fileadmin/biosaludables/154B.pdf;-16,31927813;28,43131608
37;155I El Remo;TUYO HPC;P. Santa Catalina;https://www.santacruzdetenerife.es/fileadmin/biosaludables/155I.pdf;-16,31924793;28,43134658
38;155C Giro de Cintura;TUYO HPC;P. Santa Catalina;https://www.santacruzdetenerife.es/fileadmin/biosaludables/155C.pdf;-16,31935385;28,43133124
39;154C Slalom;TUYO HPC;P. Santa Catalina;https://www.santacruzdetenerife.es/fileadmin/biosaludables/154C.pdf;-16,31931822;28,43135861
40;155F Barras Paralelas;TUYO HPC;P. Santa Catalina;https://www.santacruzdetenerife.es/fileadmin/biosaludables/155F.pdf;-16,31928979;28,43138592
41;155H El Jinete;TUYO HPC;P. Santa Catalina;https://www.santacruzdetenerife.es/fileadmin/biosaludables/155H.pdf;-16,31928615;28,43134621
42;AMM-005 Varios;Kido;Avda. Pedro Schwartz; ;-16,193537;28,50637208
43;AMM-004 Varios;Kido;Avda. Pedro Schwartz; ;-16,19357344;28,50638286
44;155H El Jinete;TUYO HPC;Avda. Reyes Católicos;https://www.santacruzdetenerife.es/fileadmin/biosaludables/155H.pdf;-16,26300936;28,4634173
45;154G Rueda Grande;TUYO HPC;Avda. Reyes Católicos;https://www.santacruzdetenerife.es/fileadmin/biosaludables/154G.pdf;-16,2629893;28,46346614
46;155B Los Patines;TUYO HPC;Pza. Los Sabandeños;https://www.santacruzdetenerife.es/fileadmin/biosaludables/155B.pdf;-16,26252628;28,46058356
47;202T Bicicleta Estática;TUYO HPC;Pza. Los Sabandeños;https://www.santacruzdetenerife.es/fileadmin/biosaludables/202T.pdf;-16,26253549;28,46054499
48;207T Step & Twist;TUYO HPC;Pza. Los Sabandeños;https://www.santacruzdetenerife.es/fileadmin/biosaludables/207T.pdf;-16,26255316;28,46048411
49;155H El Jinete;TUYO HPC;Avda. Francisco La Roche;https://www.santacruzdetenerife.es/fileadmin/biosaludables/155H.pdf;-16,24491815;28,47718266
50;155I El Remo;TUYO HPC;Avda. Francisco La Roche;https://www.santacruzdetenerife.es/fileadmin/biosaludables/155I.pdf;-16,24481821;28,47725236
51;155B Los Patines;TUYO HPC;Avda. Francisco La Roche;https://www.santacruzdetenerife.es/fileadmin/biosaludables/155B.pdf;-16,24445658;28,47751038
52;202T Bicicleta Estática;TUYO HPC;Avda. Francisco La Roche;https://www.santacruzdetenerife.es/fileadmin/biosaludables/202T.pdf;-16,24428413;28,47764549
53;207T Step & Twist;TUYO HPC;Avda. Francisco La Roche;https://www.santacruzdetenerife.es/fileadmin/biosaludables/207T.pdf;-16,243962;28,47790337
54;155C Giro de Cintura;TUYO HPC;Avda. Francisco La Roche;https://www.santacruzdetenerife.es/fileadmin/biosaludables/155C.pdf;-16,24380315;28,47802622
55;155D Barra estiramientos;TUYO HPC;Avda. Francisco La Roche;https://www.santacruzdetenerife.es/fileadmin/biosaludables/155D.pdf;-16,24346752;28,47830445
56;155H El Jinete;TUYO HPC;Río Guadalete;https://www.santacruzdetenerife.es/fileadmin/biosaludables/155H.pdf;-16,27652241;28,4737168
57;202T Bicicleta Estática;TUYO HPC;Río Guadalete;https://www.santacruzdetenerife.es/fileadmin/biosaludables/202T.pdf;-16,27651095;28,47368918
58;154G Rueda Grande;TUYO HPC;Río Guadalete;https://www.santacruzdetenerife.es/fileadmin/biosaludables/154G.pdf;-16,27648816;28,47364558
59;155I El Remo;TUYO HPC;Avda. Reyes Católicos;https://www.santacruzdetenerife.es/fileadmin/biosaludables/155I.pdf;-16,26357409;28,46122953
60;202T Bicicleta Estática;TUYO HPC;Avda. Reyes Católicos;https://www.santacruzdetenerife.es/fileadmin/biosaludables/202T.pdf;-16,26353526;28,46141581
61;154B Esquí de Fondo;TUYO HPC;Avda. Reyes Católicos;https://www.santacruzdetenerife.es/fileadmin/biosaludables/154B.pdf;-16,26322592;28,46290814
62;155E Silla Pectorales;TUYO HPC;Pza. La Victoria;https://www.santacruzdetenerife.es/fileadmin/biosaludables/155E.pdf;-16,25983182;28,45902657
63;202T Bicicleta Estática;TUYO HPC;Pza. Iglesia Cueva Bermeja;https://www.santacruzdetenerife.es/fileadmin/biosaludables/202T.pdf;-16,21687842;28,49621642
64;PF9 Oblic;Novatilu;Río Orinoco;https://www.santacruzdetenerife.es/fileadmin/biosaludables/PF9.pdf;-16,2153461;28,49662911
65;155B Los Patines;TUYO HPC;Rambla Añaza;https://www.santacruzdetenerife.es/fileadmin/biosaludables/155B.pdf;-16,29935916;28,42451996
66;155I El Remo;TUYO HPC;Rambla Añaza;https://www.santacruzdetenerife.es/fileadmin/biosaludables/155I.pdf;-16,29906589;28,4250792
67;207T Step & Twist;TUYO HPC;Rambla Añaza;https://www.santacruzdetenerife.es/fileadmin/biosaludables/207T.pdf;-16,29872121;28,42601833
68;202T Bicicleta Estática;TUYO HPC;Rambla Añaza;https://www.santacruzdetenerife.es/fileadmin/biosaludables/202T.pdf;-16,29835869;28,42674127
69;159J Espaldera;TUYO HPC;P. VIera y Clavijo;https://www.santacruzdetenerife.es/fileadmin/biosaludables/159J.pdf;-16,26194971;28,46528836
70;159J Espaldera;TUYO HPC;P. La Estrella;https://www.santacruzdetenerife.es/fileadmin/biosaludables/159J.pdf;-16,30597583;28,42962017
71;155D Barra estiramientos;TUYO HPC;P. La Estrella;https://www.santacruzdetenerife.es/fileadmin/biosaludables/155D.pdf;-16,30602034;28,4295665
72;J3709 Barra fija 2 m.;HPC;P. Viera y Clavijo; ;-16,26189316;28,46528215
73;202T Bicicleta Estática;TUYO HPC;Punta de Anaga;https://www.santacruzdetenerife.es/fileadmin/biosaludables/202T.pdf;-16,30647564;28,43128118
74;155E Silla Pectorales;TUYO HPC;Punta de Anaga;https://www.santacruzdetenerife.es/fileadmin/biosaludables/155E.pdf;-16,30624935;28,43147945
75;155B Los Patines;TUYO HPC;Punta de Anaga;https://www.santacruzdetenerife.es/fileadmin/biosaludables/155B.pdf;-16,30600705;28,43183255
76;155I El Remo;TUYO HPC;Pza. Los Dragos;https://www.santacruzdetenerife.es/fileadmin/biosaludables/155I.pdf;-16,19758182;28,5719245
77;202T Bicicleta Estática;TUYO HPC;Pza. Los Dragos;https://www.santacruzdetenerife.es/fileadmin/biosaludables/202T.pdf;-16,19756086;28,571924
78;159J Espaldera;TUYO HPC;Avda. Príncipes de España;https://www.santacruzdetenerife.es/fileadmin/biosaludables/159J.pdf;-16,28669695;28,44968416
79;155E Silla Pectorales;TUYO HPC;Chafira;https://www.santacruzdetenerife.es/fileadmin/biosaludables/155E.pdf;-16,28950493;28,44608974
80;154B Esquí de Fondo;TUYO HPC;Chafira;https://www.santacruzdetenerife.es/fileadmin/biosaludables/154B.pdf;-16,28944026;28,44606897
81;202T Bicicleta Estática;TUYO HPC;Pza. Nuestra Sra. de las Nieves;https://www.santacruzdetenerife.es/fileadmin/biosaludables/202T.pdf;-16,21694479;28,56100475
82;155I El Remo;TUYO HPC;Pza. Nuestra Sra. de las Nieves;https://www.santacruzdetenerife.es/fileadmin/biosaludables/155I.pdf;-16,21695863;28,56100727
83;155I El Remo;TUYO HPC;Zafiro;https://www.santacruzdetenerife.es/fileadmin/biosaludables/155I.pdf;-16,28831174;28,45406194
84;155G Las Ruedas;TUYO HPC;Zafiro;https://www.santacruzdetenerife.es/fileadmin/biosaludables/15GF.pdf;-16,28834001;28,45403419
85;202T Bicicleta Estática;TUYO HPC;Zafiro;https://www.santacruzdetenerife.es/fileadmin/biosaludables/202T.pdf;-16,28836637;28,45405428
86;202T Bicicleta Estática;TUYO HPC;Pza. del Rosario;https://www.santacruzdetenerife.es/fileadmin/biosaludables/202T.pdf;-16,27547283;28,45287564
87;155B Los Patines;TUYO HPC;Pza. del Rosario;https://www.santacruzdetenerife.es/fileadmin/biosaludables/155B.pdf;-16,27548961;28,45289889
88;155I El Remo;TUYO HPC;Colegio Afur;https://www.santacruzdetenerife.es/fileadmin/biosaludables/155I.pdf;-16,24940582;28,55504011
89;202T Bicicleta Estática;TUYO HPC;Colegio Afur;https://www.santacruzdetenerife.es/fileadmin/biosaludables/202T.pdf;-16,24939835;28,55504319
90;155E Silla Pectorales;TUYO HPC;Río Guadalete;https://www.santacruzdetenerife.es/fileadmin/biosaludables/155E.pdf;-16,27653523;28,47365657
91;155I El Remo;TUYO HPC;Río Guadalete;https://www.santacruzdetenerife.es/fileadmin/biosaludables/155I.pdf;-16,27655023;28,47369341
92;155I El Remo;TUYO HPC;Izquierdo Azcárate;https://www.santacruzdetenerife.es/fileadmin/biosaludables/155I.pdf;-16,27233846;28,45782555
93;202T Bicicleta Estática;TUYO HPC;Izquierdo Azcárate;https://www.santacruzdetenerife.es/fileadmin/biosaludables/202T.pdf;-16,27229717;28,45782593
94;202T Bicicleta Estática;TUYO HPC;Paseo Peatonal Las Asuncionistas;https://www.santacruzdetenerife.es/fileadmin/biosaludables/202T.pdf;-16,26241804;28,4664962
95;155I El Remo;TUYO HPC;Paseo Peatonal Las Asuncionistas;https://www.santacruzdetenerife.es/fileadmin/biosaludables/155I.pdf;-16,26270084;28,4666122
96;155H El Jinete;TUYO HPC;Pza. Duggi;https://www.santacruzdetenerife.es/fileadmin/biosaludables/155H.pdf;-16,25973943;28,46620815
97;154C Slalom;TUYO HPC;Pza. Duggi;https://www.santacruzdetenerife.es/fileadmin/biosaludables/154C.pdf;-16,25966173;28,46620244
98;154B Esquí de Fondo;TUYO HPC;Pza. Duggi;https://www.santacruzdetenerife.es/fileadmin/biosaludables/154B.pdf;-16,25958641;28,46619349
99;207T Step & Twist;TUYO HPC;Cmo. La Ermita;https://www.santacruzdetenerife.es/fileadmin/biosaludables/207T.pdf;-16,26999981;28,47256096
100;155B Los Patines;TUYO HPC;Cmo. La Ermita;https://www.santacruzdetenerife.es/fileadmin/biosaludables/155B.pdf;-16,27000171;28,47261775
101;154B Esquí de Fondo;TUYO HPC;Curva El Arco Iris;https://www.santacruzdetenerife.es/fileadmin/biosaludables/154B.pdf;-16,28797377;28,44701215
102;155I El Remo;TUYO HPC;Curva El Arco Iris;https://www.santacruzdetenerife.es/fileadmin/biosaludables/155I.pdf;-16,2879767;28,4470284
103;155B Los Patines;TUYO HPC;Avda. Príncipes de España;https://www.santacruzdetenerife.es/fileadmin/biosaludables/155C.pdf;-16,28402111;28,45550963
104;155E Silla Pectorales;TUYO HPC;Avda. Príncipes de España;https://www.santacruzdetenerife.es/fileadmin/biosaludables/155E.pdf;-16,28386262;28,45595514
105;155I El Remo;TUYO HPC;Res. San Pío X;https://www.santacruzdetenerife.es/fileadmin/biosaludables/155I.pdf;-16,28374374;28,4494528
106;155H El Jinete;TUYO HPC;Res. San Pío X;https://www.santacruzdetenerife.es/fileadmin/biosaludables/155H.pdf;-16,28368632;28,44951909
107;155E Silla Pectorales;TUYO HPC;García Lorca;https://www.santacruzdetenerife.es/fileadmin/biosaludables/155E.pdf;-16,27083891;28,45725665
108;154B Esquí de Fondo;TUYO HPC;García Lorca;https://www.santacruzdetenerife.es/fileadmin/biosaludables/154B.pdf;-16,27082947;28,45717742
109;202T Bicicleta Estática;TUYO HPC;Poeta Francisco Izquierdo;https://www.santacruzdetenerife.es/fileadmin/biosaludables/202T.pdf;-16,27094571;28,45762562
110;155D Barra estiramientos;TUYO HPC;Avda. Marítima;https://www.santacruzdetenerife.es/fileadmin/biosaludables/155D.pdf;-16,24809249;28,46308186
111;155E Silla Pectorales;TUYO HPC;Avda. Marítima;https://www.santacruzdetenerife.es/fileadmin/biosaludables/155E.pdf;-16,2480835;28,46306733
112;154B Esquí de Fondo;TUYO HPC;Avda. Marítima;https://www.santacruzdetenerife.es/fileadmin/biosaludables/154B.pdf;-16,24808931;28,46305013
113;202T Bicicleta Estática;TUYO HPC;Avda. Marítima;https://www.santacruzdetenerife.es/fileadmin/biosaludables/202T.pdf;-16,24808175;28,46311341
114;155E Silla Pectorales;TUYO HPC;P. Leoncio Oramas;https://www.santacruzdetenerife.es/fileadmin/biosaludables/155E.pdf;-16,26994558;28,45913497
115;202T Bicicleta Estática;TUYO HPC;P. Leoncio Oramas;https://www.santacruzdetenerife.es/fileadmin/biosaludables/202T.pdf;-16,26999435;28,45909984
116;154B Esquí de Fondo;TUYO HPC;P. Leoncio Oramas;https://www.santacruzdetenerife.es/fileadmin/biosaludables/154B.pdf;-16,27001954;28,45908056
117;AE004 Sky Stepper;Parkesa;P. Las Indias; ;-16,27166973;28,46803202
118;MB001 Big Wheel;Parkesa;P. Las Indias; ;-16,27168022;28,468005
119;TS002 Power Push;Parkesa;P. Las Indias; ;-16,27169363;28,46797622
120;AE001 Health Walker;Parkesa;P. Las Indias; ;-16,27170894;28,46794222
121;RB001 Rowing;Parkesa;P. Las Indias; ;-16,27172329;28,46790995
122;RB003 Bicycle;Parkesa;P. Las Indias; ;-16,27173666;28,4678777
123;Barra Dominadas; ;Río Guadalete; ;-16,27656158;28,47371608
124;154B Esquí de Fondo;TUYO HPC;P. Cuchillitos de Tristán;https://www.santacruzdetenerife.es/fileadmin/biosaludables/154B.pdf;-16,27691749;28,4564705
125;154C Slalom;TUYO HPC;P. Cuchillitos de Tristán;https://www.santacruzdetenerife.es/fileadmin/biosaludables/154C.pdf;-16,27693964;28,45639633
126;159J Espaldera;TUYO HPC;P. Cuchillitos de Tristán;https://www.santacruzdetenerife.es/fileadmin/biosaludables/159J.pdf;-16,27694657;28,45636733
127;155H El Jinete;TUYO HPC;P. Cuchillitos de Tristán;https://www.santacruzdetenerife.es/fileadmin/biosaludables/155H.pdf;-16,27696546;28,45632427
128;154D Sube y Baja;TUYO HPC;P. Cuchillitos de Tristán;https://www.santacruzdetenerife.es/fileadmin/biosaludables/154D.pdf;-16,27688352;28,45657051
129;154D Sube y Baja;TUYO HPC;Maestro Borguño;https://www.santacruzdetenerife.es/fileadmin/biosaludables/154D.pdf;-16,28551685;28,45053913
130;155I El Remo;TUYO HPC;Maestro Borguño;https://www.santacruzdetenerife.es/fileadmin/biosaludables/155I.pdf;-16,28545208;28,45053212
131;202T Bicicleta Estática;TUYO HPC;Juan de Mattos y Azofra;https://www.santacruzdetenerife.es/fileadmin/biosaludables/202T.pdf;-16,27345353;28,4575303
132;154B Esquí de Fondo;TUYO HPC;Juan de Mattos y Azofra;https://www.santacruzdetenerife.es/fileadmin/biosaludables/154B.pdf;-16,27342584;28,45751448
133;154G Rueda Grande;TUYO HPC;Camino Los Tarajales;https://www.santacruzdetenerife.es/fileadmin/biosaludables/154G.pdf;-16,21941123;28,56179421
134;154G Rueda Grande;TUYO HPC;Pza. Chamorga;https://www.santacruzdetenerife.es/fileadmin/biosaludables/154G.pdf;-16,15930983;28,5686785
135;154G Rueda Grande;TUYO HPC;Pza. Taborno;https://www.santacruzdetenerife.es/fileadmin/biosaludables/154G.pdf;-16,26452124;28,55718109
136;154G Rueda Grande;TUYO HPC;Ctra. Igueste San Andrés;https://www.santacruzdetenerife.es/fileadmin/biosaludables/154G.pdf;-16,15710479;28,52899007
137;154B Esquí de Fondo;TUYO HPC;Pza. San Pedro;https://www.santacruzdetenerife.es/fileadmin/biosaludables/154B.pdf;-16,15403068;28,52572703
138;RB001 Rowing;Parkesa;Punta de Anaga; ;-16,31098696;28,42576204
139;PF9 Oblic;Novatilu;Pza. Miguel Díaz;https://www.santacruzdetenerife.es/fileadmin/biosaludables/PF9.pdf;-16,18878188;28,5121808
140;PF6 Step;Novatilu;Pza. Miguel Díaz;https://www.santacruzdetenerife.es/fileadmin/biosaludables/PF6.pdf;-16,18880642;28,51217757
141;PF26 Pulse;Novatilu;Pza. Miguel Díaz;https://www.santacruzdetenerife.es/fileadmin/biosaludables/PF26.pdf;-16,18877409;28,51215555
142;PF6 Step;Novatilu;Pza. Taborno;https://www.santacruzdetenerife.es/fileadmin/biosaludables/PF6.pdf;-16,26452119;28,55713019
143;PF9 Oblic;Novatilu;Pza. San José;https://www.santacruzdetenerife.es/fileadmin/biosaludables/PF9.pdf;-16,33360861;28,42506966
144;PF8 Row;Novatilu;Frangollo;https://www.santacruzdetenerife.es/fileadmin/biosaludables/PF8.pdf;-16,3293547;28,44736467
145;PF1 HIP;Novatilu;Frangollo;https://www.santacruzdetenerife.es/fileadmin/biosaludables/PF1.pdf;-16,32938426;28,44754687
146;PF13 Bike;Novatilu;Pza. El Rosarito;https://www.santacruzdetenerife.es/fileadmin/biosaludables/PF13.pdf;-16,3015442;28,44054758
147;PF1 HIP;Novatilu;Pza. El Rosarito;https://www.santacruzdetenerife.es/fileadmin/biosaludables/PF1.pdf;-16,3015184;28,44052974
148;PF9 Oblic;Novatilu;Rambla Añaza;https://www.santacruzdetenerife.es/fileadmin/biosaludables/PF9.pdf;-16,2988711;28,4255297
149;PF1 HIP;Novatilu;Rambla Añaza;https://www.santacruzdetenerife.es/fileadmin/biosaludables/PF1.pdf;-16,29960129;28,42381528
150;PF3 Torax;Novatilu;Chirama;https://www.santacruzdetenerife.es/fileadmin/biosaludables/PF3.pdf;-16,30744204;28,42647205
151;PF8 Row;Novatilu;Chirama;https://www.santacruzdetenerife.es/fileadmin/biosaludables/PF8.pdf;-16,30744889;28,4265363
152;PF9 Oblic;Novatilu;Los Estudiantes;https://www.santacruzdetenerife.es/fileadmin/biosaludables/PF9.pdf;-16,3044073;28,44517644
153;JSA006 Climber;Fundiciones Benito;Panamá;https://www.santacruzdetenerife.es/fileadmin/biosaludables/JSA006.pdf;-16,26645904;28,45549446
154;JSA008 Remo;Fundiciones Benito;Panamá;https://www.santacruzdetenerife.es/fileadmin/biosaludables/JSA008.pdf;-16,26643214;28,45547897
155;JSA018 Bicicleta;Fundiciones Benito;Panamá;https://www.santacruzdetenerife.es/fileadmin/biosaludables/JSA018.pdf;-16,2664102;28,45546431
156;JSA003 Silla Pectorales;Fundiciones Benito;Pza. Beneharo;https://www.santacruzdetenerife.es/fileadmin/biosaludables/JSA003.pdf;-16,28343478;28,45127989
157;JSA006 Climber;Fundiciones Benito;Pza. Beneharo;https://www.santacruzdetenerife.es/fileadmin/biosaludables/JSA006.pdf;-16,28344765;28,45125295
158;PF8 Row;Novatilu;Ctra. Los Campitos;https://www.santacruzdetenerife.es/fileadmin/biosaludables/PF8.pdf;-16,26341544;28,48622643
159;155I El Remo;TUYO HPC;Ctra. Los Campitos;https://www.santacruzdetenerife.es/fileadmin/biosaludables/155I.pdf;-16,26338643;28,48625406
160;PF13 Bike;Novatilu;Tadorna;https://www.santacruzdetenerife.es/fileadmin/biosaludables/PF13.pdf;-16,30806777;28,43704871
161;PF9 Oblic;Novatilu;Tadorna;https://www.santacruzdetenerife.es/fileadmin/biosaludables/PF9.pdf;-16,30813497;28,43699089
162;JSA 003 Pectorales adap;Fundiciones Benito;Tadorna;https://www.santacruzdetenerife.es/fileadmin/biosaludables/JSA003D.pdf;-16,30800823;28,43707215
163;JSA 019 Manivelas adap;Fundiciones Benito;Rambla Añaza;https://www.santacruzdetenerife.es/fileadmin/biosaludables/JSA019D.pdf;-16,29849057;28,42658179
164;JSA 018 Bicicleta adap;Fundiciones Benito;Rambla Añaza;https://www.santacruzdetenerife.es/fileadmin/biosaludables/JSA018D.pdf;-16,2985557;28,4262661
165;JSA 009 Timón adap;Fundiciones Benito;Rambla Añaza;https://www.santacruzdetenerife.es/fileadmin/biosaludables/JSA009D.pdf;-16,29922068;28,42486059
166;JSA 018 Bicicleta adap;Fundiciones Benito;Avda. Los Majuelos;https://www.santacruzdetenerife.es/fileadmin/biosaludables/JSA018D.pdf;-16,31205759;28,44303199
167;JSA 019 Manivelas adap;Fundiciones Benito;Avda. Los Majuelos;https://www.santacruzdetenerife.es/fileadmin/biosaludables/JSA019D.pdf;-16,31369347;28,44206476
168;JSA 003 Pectorales adap;Fundiciones Benito;Avda. Los Majuelos;https://www.santacruzdetenerife.es/fileadmin/biosaludables/JSA003D.pdf;-16,31259542;28,44271501
169;PF13 Bike;Novatilu;Pza. Nuestra Sra. de la Merced;https://www.santacruzdetenerife.es/fileadmin/biosaludables/PF13.pdf;-16,30541431;28,43553424
170;PF3 Torax;Novatilu;Pza. Nuestra Sra. de la Merced;https://www.santacruzdetenerife.es/fileadmin/biosaludables/PF3.pdf;-16,30538529;28,43555924
171;PF3 Torax;Novatilu;Agana;https://www.santacruzdetenerife.es/fileadmin/biosaludables/PF3.pdf;-16,30652728;28,42501437
172;PF6 Step;Novatilu;Agana;https://www.santacruzdetenerife.es/fileadmin/biosaludables/PF6.pdf;-16,30653669;28,42504001
173;PF1 HIP;Novatilu;Eladio Roca y Salazar;https://www.santacruzdetenerife.es/fileadmin/biosaludables/PF1.pdf;-16,275629;28,46593142
174;PF3 Torax;Novatilu;Eladio Roca y Salazar;https://www.santacruzdetenerife.es/fileadmin/biosaludables/PF3.pdf;-16,27565145;28,46590709
175;PF13 Bike;Novatilu;Eladio Roca y Salazar;https://www.santacruzdetenerife.es/fileadmin/biosaludables/PF13.pdf;-16,27566999;28,46593586
176;PF8 Row;Novatilu;Eladio Roca y Salazar;https://www.santacruzdetenerife.es/fileadmin/biosaludables/PF8.pdf;-16,27568969;28,46590914
177;PF4 Up;Novatilu;Eladio Roca y Salazar;https://www.santacruzdetenerife.es/fileadmin/biosaludables/PF4.pdf;-16,27570824;28,46593871
178;PF6 Step;Novatilu;Pza. Manuel Castañeda;https://www.santacruzdetenerife.es/fileadmin/biosaludables/PF6.pdf;-16,26558281;28,45730176
179;PF8 Row;Novatilu;Pza. Manuel Castañeda;https://www.santacruzdetenerife.es/fileadmin/biosaludables/PF8.pdf;-16,26560817;28,45731177
180;PF1 HIP;Novatilu;Pza. Manuel Castañeda;https://www.santacruzdetenerife.es/fileadmin/biosaludables/PF1.pdf;-16,26563354;28,45732179
181;PF10 Pull;Novatilu;Pza. Manuel Castañeda;https://www.santacruzdetenerife.es/fileadmin/biosaludables/PF01.pdf;-16,26566889;28,45731121
182;PF4 Up;Novatilu;Pza. Manuel Castañeda;https://www.santacruzdetenerife.es/fileadmin/biosaludables/PF4.pdf;-16,26568981;28,45729172
183;PF26 Pulse;Novatilu;Pza. Manuel Castañeda;https://www.santacruzdetenerife.es/fileadmin/biosaludables/PF26.pdf;-16,26570258;28,45727592
184;PF26 Pulse;Novatilu;Eladio Roca y Salazar;https://www.santacruzdetenerife.es/fileadmin/biosaludables/PF26.pdf;-16,27560779;28,46591181
185;PF31 Barras Paralelas;Novatilu;Avda. Nuestra Sra. del Carmen;https://www.santacruzdetenerife.es/fileadmin/biosaludables/PF31.pdf;-16,23848612;28,48944637
186;PF26 Pulse;Novatilu;Avda. Nuestra Sra. del Carmen;https://www.santacruzdetenerife.es/fileadmin/biosaludables/PF26.pdf;-16,23848946;28,48942554
187;JSA018 Bicicleta adaptada;Fundiciones Benito;Avda. Francisco La Roche;https://www.santacruzdetenerife.es/fileadmin/biosaludables/JSA018D.pdf;-16,24544198;28,47672348
188;JSA003 Silla Pectorales;Fundiciones Benito;Avda. Francisco La Roche;https://www.santacruzdetenerife.es/fileadmin/biosaludables/JSA003.pdf;-16,24591105;28,47617676
189;JSA019 Bíceps;Fundiciones Benito;Avda. Francisco La Roche;https://www.santacruzdetenerife.es/fileadmin/biosaludables/JSA019D.pdf;-16,24606456;28,47595275
190;JSA006 Climber;Fundiciones Benito;Hermanos Maffiotte;https://www.santacruzdetenerife.es/fileadmin/biosaludables/JSA006.pdf;-16,27584959;28,45474041
191;JSA003 Silla Pectorales;Fundiciones Benito;Hermanos Maffiotte;https://www.santacruzdetenerife.es/fileadmin/biosaludables/JSA003.pdf;-16,27580568;28,45472966
192;JSA001 Waist;Fundiciones Benito;Hermanos Maffiotte;https://www.santacruzdetenerife.es/fileadmin/biosaludables/JSA001.pdf;-16,27582637;28,45469971
193;JSA003 Silla Pectorales;Fundiciones Benito;Magec;https://www.santacruzdetenerife.es/fileadmin/biosaludables/JSA003.pdf;-16,28181789;28,44882226
194;JSA006 Climber;Fundiciones Benito;Magec;https://www.santacruzdetenerife.es/fileadmin/biosaludables/JSA006.pdf;-16,28185206;28,4488431
195;JSA001 Waist;Fundiciones Benito;Magec;https://www.santacruzdetenerife.es/fileadmin/biosaludables/JSA001.pdf;-16,28188173;28,44882166
196;JSA006 Climber;Fundiciones Benito;Pza. Cheo;https://www.santacruzdetenerife.es/fileadmin/biosaludables/JSA006.pdf;-16,27969153;28,45272159
197;JSA003 Silla Pectorales;Fundiciones Benito;Pza. Cheo;https://www.santacruzdetenerife.es/fileadmin/biosaludables/JSA003.pdf;-16,27974353;28,45273168
198;JSA001 Waist;Fundiciones Benito;Pza. Cheo;https://www.santacruzdetenerife.es/fileadmin/biosaludables/JSA001.pdf;-16,27986667;28,45251712
199;JCIR06  Barras Paralelas;Fundiciones Benito;San Juan de la Rambla;https://www.santacruzdetenerife.es/fileadmin/biosaludables/JCIR06.pdf;-16,27642711;28,46989804
200;JSA006 Climber;Fundiciones Benito;Pza. La Victoria;https://www.santacruzdetenerife.es/fileadmin/biosaludables/JSA006.pdf;-16,25995687;28,45895638
201;JSA018 Bicicleta;Fundiciones Benito;Pza. Concha Castro;https://www.santacruzdetenerife.es/fileadmin/biosaludables/JSA018.pdf;-16,27765293;28,47388393
202;JSA018 Bicicleta adaptada;Fundiciones Benito;Pza. Concha Castro;https://www.santacruzdetenerife.es/fileadmin/biosaludables/JSA018D.pdf;-16,27763713;28,47390877
203;JSA005 Rueda;Fundiciones Benito;Pza. Concha Castro;https://www.santacruzdetenerife.es/fileadmin/biosaludables/JSA005.pdf;-16,27761048;28,47389898
204;JSA009 Timón;Fundiciones Benito;Pza. Concha Castro;https://www.santacruzdetenerife.es/fileadmin/biosaludables/JSA009.pdf;-16,27762434;28,47386997
205;JCIR07 Pulse;Fundiciones Benito;San Juan de la Rambla;https://www.santacruzdetenerife.es/fileadmin/biosaludables/JCIR07.pdf;-16,27648594;28,46993585
206;JCIR07 Pulse;Fundiciones Benito;Pza. Francisco Hernández Barroso;https://www.santacruzdetenerife.es/fileadmin/biosaludables/JCIR07.pdf;-16,26677115;28,47052333
207;JSA004 Barras;Fundiciones Benito;Pza. Francisco Hernández Barroso;https://www.santacruzdetenerife.es/fileadmin/biosaludables/JSA004.pdf;-16,26673835;28,4705028
208;JCIR07 Pulse;Fundiciones Benito;P. Secundino Delgado;https://www.santacruzdetenerife.es/fileadmin/biosaludables/JCIR07.pdf;-16,26311353;28,47133236
209;JSA004 Barras;Fundiciones Benito;P. Secundino Delgado;https://www.santacruzdetenerife.es/fileadmin/biosaludables/JSA004.pdf;-16,26313903;28,47129509
210;JSA018 Bicicleta;Fundiciones Benito;Pza. Anaga;https://www.santacruzdetenerife.es/fileadmin/biosaludables/JSA018.pdf;-16,2444121;28,48038521
211;JSA008 Remo;Fundiciones Benito;Pza. Anaga;https://www.santacruzdetenerife.es/fileadmin/biosaludables/JSA008.pdf;-16,24436018;28,48038393
212;JSA001 Cintura;Fundiciones Benito;Pza. Anaga;https://www.santacruzdetenerife.es/fileadmin/biosaludables/JSA001.pdf;-16,24435751;28,48032575
213;JSA009 Timón;Fundiciones Benito;Avda. Reyes Católicos;https://www.santacruzdetenerife.es/fileadmin/biosaludables/JSA009.pdf;-16,26336605;28,46199418
214;JSA018 Bicicleta adaptada;Fundiciones Benito;Avda. Reyes Católicos;https://www.santacruzdetenerife.es/fileadmin/biosaludables/JSA018D.pdf;-16,2636143;28,46111019
215;JSA019 Bíceps;Fundiciones Benito;Avda. Reyes Católicos;https://www.santacruzdetenerife.es/fileadmin/biosaludables/JSA019D.pdf;-16,26367223;28,46090385
216;JCIR07 Pulse;Fundiciones Benito;Ctra. El Bailadero;https://www.santacruzdetenerife.es/fileadmin/biosaludables/JCIR07.pdf;-16,23366197;28,53714614
217;JSA006 Climber;Fundiciones Benito;Ctra. El Bailadero;https://www.santacruzdetenerife.es/fileadmin/biosaludables/JSA006.pdf;-16,23363501;28,53712388
218;JCIR07 Pulse;Fundiciones Benito;San Antonio (Taganana);https://www.santacruzdetenerife.es/fileadmin/biosaludables/JCIR07.pdf;-16,21826326;28,56226892
219;JSA006 Climber;Fundiciones Benito;San Antonio (Taganana);https://www.santacruzdetenerife.es/fileadmin/biosaludables/JSA006.pdf;-16,21822762;28,56226638
220;JSA009 Timón;Fundiciones Benito;Andrómeda;https://www.santacruzdetenerife.es/fileadmin/biosaludables/JSA009.pdf;-16,244741;28,48353117
221;JSA018 Bicicleta;Fundiciones Benito;Andrómeda;https://www.santacruzdetenerife.es/fileadmin/biosaludables/JSA018.pdf;-16,2445641;28,48334413
222;JCIR03 Espaldera;Fundiciones Benito;Avda. Nuestra Sra. del Carmen;https://www.santacruzdetenerife.es/fileadmin/biosaludables/JCIR03.pdf;-16,23847333;28,4894499