Número;Fecha de Alta;Distrito;Barrio;Calle;Nº Finca;Tipo de Reserva;Número de Plazas;LONGITUD;LATITUD;DIRECCION
001a;23/06/2014;01  CENTRO;06 SOL;PLAZA DE LA PUERTA DEL SOL ;1 B;BiciMAD;24;-37.025.753;40.417.016;PUERTA DEL SOL, PLAZA, DE LA,1 B
001b;23/06/2014;01  CENTRO;06 SOL;CALLE DE ALCALA ;1;BiciMAD;24;-37.024.621;404.170.785;ALCALA, CALLE, DE,1
2;23/06/2014;01  CENTRO;05 UNIVERSIDAD;CALLE DE MIGUEL MOYA;1;BiciMAD;27;-37.056.739;4.042.058;MIGUEL MOYA, CALLE, DE,1
3;23/06/2014;07  CHAMBERÍ;02 ARAPILES;PLAZA DEL CONDE DEL VALLE DE SUCHIL ;2;BiciMAD;18;-37.072.122;404.303.224;CONDE DEL VALLE DE SUCHIL, PLAZA, DEL,2
4;23/06/2014;01  CENTRO;05 UNIVERSIDAD;CALLE DE MANUELA MALASAÑA;3;BiciMAD;27;-37.026.739;404.285.905;MANUELA MALASAÑA, CALLE, DE,3
5;23/06/2014;01  CENTRO;04 JUSTICIA;CALLE DE FUENCARRAL ;106;BiciMAD;27;-37.020.762;404.283.628;FUENCARRAL, CALLE, DE,106
6;23/06/2014;01  CENTRO;04 JUSTICIA;CALLE DE HORTALEZA ;63;BiciMAD;24;-36.984.093;404.241.633;HORTALEZA, CALLE, DE,63
7;23/06/2014;01  CENTRO;04 JUSTICIA;CALLE DE HORTALEZA ;75;BiciMAD;21;-36.977.399;404.252.161;HORTALEZA, CALLE, DE,75
8;23/06/2014;07  CHAMBERÍ;04 ALMAGRO;PLAZA DE ALONSO MARTINEZ;6;BiciMAD;24;-36.953.067;404.277.143;ALONSO MARTINEZ, PLAZA, DE,6
9;23/06/2014;01  CENTRO;01 PALACIO;PLAZA DE SAN MIGUEL ;9;BiciMAD;24;-37.094.093;404.156.134;SAN MIGUEL, PLAZA, DE,9
10;23/06/2014;01  CENTRO;04 JUSTICIA;CALLE DEL MARQUES DE LA ENSENADA ;16;BiciMAD;24;-36.920.816;404.254.027;MARQUES DE LA ENSENADA, CALLE, DEL,16
11;23/06/2014;01  CENTRO;05 UNIVERSIDAD;CALLE DE SAN ANDRES ;20;BiciMAD;27;-37.036.192;404.270.517;SAN ANDRES, CALLE, DE,20
12;23/06/2014;01  CENTRO;05 UNIVERSIDAD;CALLE DE SAN BERNARDO;87;BiciMAD;24;-37.062.202;404.285.271;SAN BERNARDO, CALLE, DE,87
13;23/06/2014;01  CENTRO;05 UNIVERSIDAD;CALLE DEL CONDE DUQUE;22;BiciMAD;27;-37.104.727;404.273.652;CONDE DUQUE, CALLE, DEL,22
14;23/06/2014;09  MONCLOA-ARAVACA;02 ARGÜELLES;CALLE DE VENTURA RODRIGUEZ;2;BiciMAD;27;-37.134.644;404.260.035;VENTURA RODRIGUEZ, CALLE, DE,2
15;23/06/2014;01  CENTRO;05 UNIVERSIDAD;CALLE DE SAN VICENTE FERRER;62;BiciMAD;21;-3.707.242;404.261.226;SAN VICENTE FERRER, CALLE, DE,62
16;23/06/2014;01  CENTRO;05 UNIVERSIDAD;CALLE DE SAN BERNARDO;22;BiciMAD;21;-37.074.931;404.229.357;SAN BERNARDO, CALLE, DE,22
17;23/06/2014;01  CENTRO;05 UNIVERSIDAD;PLAZA DE CARLOS CAMBRONERO;2;BiciMAD;27;-37.041.859;404.231.675;CARLOS CAMBRONERO, PLAZA, DE,2
18;23/06/2014;01  CENTRO;04 JUSTICIA;PLAZA DE PEDRO ZEROLO;1;BiciMAD;24;-36.995.679;404.209.206;PEDRO ZEROLO, PLAZA, DE,1
19;23/06/2014;01  CENTRO;04 JUSTICIA;CALLE DE PRIM;4;BiciMAD;24;-36.953.948;404.219.023;PRIM, CALLE, DE,4
20;23/06/2014;01  CENTRO;04 JUSTICIA;CALLE DE ALCALA ;49;BiciMAD;24;-36.952.095;404.191.989;ALCALA, CALLE, DE,49
020 ampliacion;10/07/2018;01  CENTRO;04 JUSTICIA;CALLE DE ALCALA ;49;BiciMAD;6;-36.952.901;404.191.858;ALCALA, CALLE, DE,49
021a;23/06/2014;01  CENTRO;06 SOL;PLAZA DE LA RED DE SAN LUIS;S/N;BiciMAD;24;-37.015.608;404.197.804;RED DE SAN LUIS, PLAZA, DE LA,S/N
021b;23/06/2014;01  CENTRO;06 SOL;PLAZA DE LA RED DE SAN LUIS;S/N;BiciMAD;24;-37.014.962;404.198.857;RED DE SAN LUIS, PLAZA, DE LA,S/N
22;23/06/2014;01  CENTRO;06 SOL;CALLE DE JACOMETREZO;1;BiciMAD;24;-37.064.995;404.201.452;JACOMETREZO, CALLE, DE,1
23;23/06/2014;01  CENTRO;01 PALACIO;CUESTA DE SANTO DOMINGO ;S/N;BiciMAD;24;-37.082.901;404.202.137;SANTO DOMINGO, CUESTA, DE,S/N
24;23/06/2014;01  CENTRO;01 PALACIO;CALLE DE CARLOS III ;1;BiciMAD;24;-37.105.866;40.417.906;CARLOS III, CALLE, DE,1
025a;23/06/2014;01  CENTRO;06 SOL;PLAZA DEL CELENQUE;1;BiciMAD;24;-37.059.978;404.173.416;CELENQUE, PLAZA, DEL,1
025b;23/06/2014;01  CENTRO;06 SOL;PLAZA DEL CELENQUE;1;BiciMAD;24;-37.060.243;404.172.593;CELENQUE, PLAZA, DEL,1
26;23/06/2014;01  CENTRO;04 JUSTICIA;PLAZA DE LAS SALESAS;8;BiciMAD;24;-36.945.535;404.238.321;SALESAS, PLAZA, DE LAS,8
27;23/06/2014;01  CENTRO;03 CORTES;CALLE DE JESUS ;1;BiciMAD;27;-36.955.929;404.132.828;JESUS, CALLE, DE,1
28;23/06/2014;01  CENTRO;03 CORTES;CALLE DE ALCALA ;25;BiciMAD;24;-36.988.356;404.181.752;ALCALA, CALLE, DE,25
29;23/06/2014;01  CENTRO;03 CORTES;CALLE DEL MARQUES DE CUBAS;25;BiciMAD;29;-36.958.008;40.416.244;MARQUES DE CUBAS, CALLE, DEL,25
30;23/06/2014;01  CENTRO;01 PALACIO;CALLE DE PAVIA ;6;BiciMAD;27;-37.115.428;404.193.355;PAVIA, CALLE, DE,6
31;23/06/2014;01  CENTRO;06 SOL;CALLE MAYOR ;18;BiciMAD;27;-3.706.625;404.163.446;MAYOR, CALLE,18
32;23/06/2014;01  CENTRO;06 SOL;PLAZA DE LA PROVINCIA ;1;BiciMAD;24;-37.061.355;404.148.511;PROVINCIA, PLAZA, DE LA,1
33;23/06/2014;01  CENTRO;06 SOL;CALLE DE LAS CARRETAS;23;BiciMAD;24;-37.032.626;40.415.496;CARRETAS, CALLE, DE LAS,23
34;23/06/2014;01  CENTRO;03 CORTES;PLAZA DE JACINTO BENAVENTE;S/N;BiciMAD;24;-37.035.044;404.144.117;JACINTO BENAVENTE, PLAZA, DE,S/N
35;23/06/2014;01  CENTRO;01 PALACIO;CALLE DEL CORDON ;4;BiciMAD;24;-37.103.676;404.141.792;CORDON, CALLE, DEL,4
36;23/06/2014;01  CENTRO;01 PALACIO;PLAZA DE RAMALES;1;BiciMAD;24;-37.116.215;40.416.885;RAMALES, PLAZA, DE,1
37;23/06/2014;01  CENTRO;01 PALACIO;TRAVESIA DE LAS VISTILLAS ;S/N;BiciMAD;24;-37.141.234;404.108.606;VISTILLAS, TRAVESIA, DE LAS,S/N
38;23/06/2014;01  CENTRO;01 PALACIO;CARRERA DE SAN FRANCISCO ;1;BiciMAD;24;-37.114.443;404.112.961;SAN FRANCISCO, CARRERA, DE,1
39;23/06/2014;01  CENTRO;01 PALACIO;PLAZA DE LA CEBADA ;16;BiciMAD;27;-37.090.043;404.112.662;CEBADA, PLAZA, DE LA,16
40;23/06/2014;01  CENTRO;02 EMBAJADORES;CALLE DEL CONDE DE ROMANONES;2;BiciMAD;24;-37.047.463;404.137.865;CONDE DE ROMANONES, CALLE, DEL,2
41;23/06/2014;01  CENTRO;02 EMBAJADORES;CALLE DE ATOCHA ;54;BiciMAD;21;-36.990.517;404.122.423;ATOCHA, CALLE, DE,54
42;23/06/2014;01  CENTRO;02 EMBAJADORES;CALLE DE SANTA ISABEL;32;BiciMAD;24;-36.982.068;40.410.744;SANTA ISABEL, CALLE, DE,32
43;23/06/2014;01  CENTRO;02 EMBAJADORES;CALLE DE LAVAPIES;36;BiciMAD;24;-37.025.446;404.100.889;LAVAPIES, CALLE, DE,36
44;23/06/2014;01  CENTRO;02 EMBAJADORES;CALLE DEL MESON DE PAREDES;35;BiciMAD;21;-37.039.138;404.098.162;MESON DE PAREDES, CALLE, DEL,35
45;23/06/2014;01  CENTRO;02 EMBAJADORES;GLORIETA DE LA PUERTA DE TOLEDO;1;BiciMAD;21;-37.111.363;404.069.547;PUERTA DE TOLEDO, GLORIETA, DE LA,1
46;23/06/2014;02  ARGANZUELA;02 ACACIAS;CALLE DE LA RIBERA DE CURTIDORES;28;BiciMAD;24;-37.071.322;404.055.087;RIBERA DE CURTIDORES, CALLE, DE LA,28
47;23/06/2014;02  ARGANZUELA;02 ACACIAS;GLORIETA DE EMBAJADORES;7 B;BiciMAD;24;-3.702.755;404.046.233;EMBAJADORES, GLORIETA, DE,7 B
48;23/06/2014;01  CENTRO;02 EMBAJADORES;CALLE DE MIGUEL SERVET ;25;BiciMAD;24;-37.020.997;404.054.473;MIGUEL SERVET, CALLE, DE,25
49;23/06/2014;01  CENTRO;02 EMBAJADORES;RONDA DE ATOCHA ;36;BiciMAD;24;-36.992.427;404.060.497;ATOCHA, RONDA, DE,36
50;23/06/2014;01  CENTRO;02 EMBAJADORES;CALLE DE SANTA ISABEL;57;BiciMAD;24;-369.322;404.083.102;SANTA ISABEL, CALLE, DE,57
51;23/06/2014;01  CENTRO;02 EMBAJADORES;PLAZA DEL EMPERADOR CARLOS V;7;BiciMAD;27;-36.935.934;404.077.234;EMPERADOR CARLOS V, PLAZA, DEL,7
52;23/06/2014;01  CENTRO;03 CORTES;PLAZA DE SANTA ANA ;9;BiciMAD;24;-37.007.838;404.145.181;SANTA ANA, PLAZA, DE,9
53;23/06/2014;01  CENTRO;02 EMBAJADORES;CALLE DE VALENCIA;4;BiciMAD;24;-37.007.295;404.082.802;VALENCIA, CALLE, DE,4
54;23/06/2014;01  CENTRO;04 JUSTICIA;CALLE DE BARCELO;7;BiciMAD;21;-37.003.435;404.266.233;BARCELO, CALLE, DE,7
55;23/06/2014;01  CENTRO;05 UNIVERSIDAD;PLAZA DE SAN ILDEFONSO ;8;BiciMAD;24;-37.019.295;404.240.716;SAN ILDEFONSO, PLAZA, DE,8
56;23/06/2014;01  CENTRO;06 SOL;PLAZA DEL CARMEN ;1;BiciMAD;27;-37.032.875;40.418.484;CARMEN, PLAZA, DEL,1
57;23/06/2014;01  CENTRO;05 UNIVERSIDAD;CALLE DE SANTA CRUZ DE MARCENADO;24;BiciMAD;27;-37.128.181;404.296.363;SANTA CRUZ DE MARCENADO, CALLE, DE,24
58;23/06/2014;01  CENTRO;04 JUSTICIA;CALLE DE AUGUSTO FIGUEROA;33;BiciMAD;27;-36.979.411;404.222.585;AUGUSTO FIGUEROA, CALLE, DE,33
59;23/06/2014;01  CENTRO;05 UNIVERSIDAD;CALLE DEL ESPIRITU SANTO ;30;BiciMAD;21;-37.041.167;404.254.802;ESPIRITU SANTO, CALLE, DEL,30
60;23/06/2014;03  RETIRO;05 JERÓNIMOS;CALLE DE ALFONSO XII;S/N;BiciMAD;27;-36.881.994;404.194.508;ALFONSO XII, CALLE, DE,S/N
61;23/06/2014;03  RETIRO;04 IBIZA;CALLE DE O'DONNELL ;30;BiciMAD;24;-3.675.206;404.214.379;O'DONNELL, CALLE, DE,30
62;23/06/2014;03  RETIRO;04 IBIZA;CALLE DE O'DONNELL ;S/N;BiciMAD;27;-36.706.664;404.212.152;O'DONNELL, CALLE, DE,S/N
63;23/06/2014;03  RETIRO;04 IBIZA;CALLE DE IBIZA ;64;BiciMAD;24;-36.706.803;404.178.874;IBIZA, CALLE, DE,64
65;23/06/2014;03  RETIRO;05 JERÓNIMOS;CALLE DE ANTONIO MAURA ;15;BiciMAD;24;-36.893.825;404.166.952;ANTONIO MAURA, CALLE, DE,15
67;23/06/2014;01  CENTRO;03 CORTES;CALLE DE ALMADEN;28;BiciMAD;67;-36.931.349;40.410.829;ALMADEN, CALLE, DE,28
68;23/06/2014;03  RETIRO;05 JERÓNIMOS;CALLE DE ESPALTER;1;BiciMAD;21;-36.911.649;40.412.781;ESPALTER, CALLE, DE,1
69;23/06/2014;03  RETIRO;05 JERÓNIMOS;CALLE DE ALFONSO XII;54;BiciMAD;27;-36.888.669;404.100.609;ALFONSO XII, CALLE, DE,54
70;23/06/2014;03  RETIRO;05 JERÓNIMOS;AVENIDA DE MENENDEZ PELAYO;S/N;BiciMAD;27;-36.777.776;404.151.635;MENENDEZ PELAYO, AVENIDA, DE,S/N
71;23/06/2014;03  RETIRO;06 NIÑO JESÚS;CALLE DEL DOCE DE OCTUBRE;28;BiciMAD;24;-3.674.021;404.160.054;DOCE DE OCTUBRE, CALLE, DEL,28
72;23/06/2014;03  RETIRO;03 ESTRELLA;CALLE DEL DOCTOR ESQUERDO;99;BiciMAD;24;-36.692.614;404.159.135;DOCTOR ESQUERDO, CALLE, DEL,99
73;23/06/2014;03  RETIRO;03 ESTRELLA;PLAZA DE LOS ASTROS ;S/N;BiciMAD;24;-3.669.099;40.411.463;ASTROS, PLAZA, DE LOS,S/N
74;23/06/2014;03  RETIRO;05 JERÓNIMOS;AVENIDA DE MENENDEZ PELAYO;S/N;BiciMAD;27;-36.765.768;404.117.601;MENENDEZ PELAYO, AVENIDA, DE,S/N
75;23/06/2014;03  RETIRO;05 JERÓNIMOS;AVENIDA DE MENENDEZ PELAYO;S/N;BiciMAD;27;-36.784.149;404.083.387;MENENDEZ PELAYO, AVENIDA, DE,S/N
76;23/06/2014;03  RETIRO;06 NIÑO JESÚS;CALLE DE JUAN DE URBIETA;48;BiciMAD;24;-36.751.544;404.072.851;JUAN DE URBIETA, CALLE, DE,48
77;23/06/2014;03  RETIRO;01 PACÍFICO;PLAZA DEL CONDE DE CASAL ;8;BiciMAD;24;-36.707.742;404.063.347;CONDE DE CASAL, PLAZA, DEL,8
78;23/06/2014;03  RETIRO;02 ADELFAS;CALLE DEL CERRO DE LA PLATA;2;BiciMAD;24;-36.745.783;404.005.704;CERRO DE LA PLATA, CALLE, DEL,2
79;23/06/2014;03  RETIRO;01 PACÍFICO;AVENIDA DE MENENDEZ PELAYO;38;BiciMAD;24;-36.805.524;404.050.482;MENENDEZ PELAYO, AVENIDA, DE,38
080a;23/06/2014;03  RETIRO;05 JERÓNIMOS;AVENIDA DE LA CIUDAD DE BARCELONA;S/N;BiciMAD;24;-36.904.197;404.074.558;CIUDAD DE BARCELONA, AVENIDA, DE LA,S/N
080b;23/06/2014;03  RETIRO;05 JERÓNIMOS;AVENIDA DE LA CIUDAD DE BARCELONA;S/N;BiciMAD;24;-36.906.904;404.076.554;CIUDAD DE BARCELONA, AVENIDA, DE LA,S/N
81;23/06/2014;03  RETIRO;05 JERÓNIMOS;PASEO DEL PRADO ;S/N;BiciMAD;24;-36.919.663;404.095.758;PRADO, PASEO, DEL,S/N
82;23/06/2014;03  RETIRO;03 ESTRELLA;CALLE DE LA LIRA;2;BiciMAD;24;-3.669.683;404.084.793;LIRA, CALLE, DE LA,2
83;23/06/2014;03  RETIRO;06 NIÑO JESÚS;CALLE DE PIO BAROJA ;8 B;BiciMAD;24;-36.745.339;404.132.589;PIO BAROJA, CALLE, DE,8 B
84;23/06/2014;03  RETIRO;02 ADELFAS;CALLE DEL DOCTOR ESQUERDO;191;BiciMAD;27;-36.726.923;404.033.695;DOCTOR ESQUERDO, CALLE, DEL,191
85;23/06/2014;03  RETIRO;05 JERÓNIMOS;AVENIDA DE MENENDEZ PELAYO;S/N;BiciMAD;27;-36.799.299;404.211.415;MENENDEZ PELAYO, AVENIDA, DE,S/N
86;22/09/2014;01  CENTRO;03 CORTES;PASEO DEL PRADO ;S/N;BiciMAD;21;-36.933.298;404.185.779;PRADO, PASEO, DEL,S/N
87;23/06/2014;04  SALAMANCA;01 RECOLETOS;CALLE DE AYALA ;44;BiciMAD;24;-36.835.631;404.276.717;AYALA, CALLE, DE,44
88;23/06/2014;04  SALAMANCA;06 CASTELLANA;CALLE DE VELAZQUEZ ;73;BiciMAD;24;-36.837.471;404.312.077;VELAZQUEZ, CALLE, DE,73
89;23/06/2014;04  SALAMANCA;02 GOYA;CALLE DE AYALA ;102;BiciMAD;24;-36.751.716;404.272.628;AYALA, CALLE, DE,102
90;23/06/2014;04  SALAMANCA;01 RECOLETOS;CALLE DE GOYA;18;BiciMAD;24;-36.837.297;404.250.878;GOYA, CALLE, DE,18
91;23/06/2014;04  SALAMANCA;02 GOYA;CALLE DE HERMOSILLA ;73;BiciMAD;24;-36.788.203;404.261.113;HERMOSILLA, CALLE, DE,73
92;23/06/2014;04  SALAMANCA;01 RECOLETOS;CALLE DE CLAUDIO COELLO ;45;BiciMAD;24;-36.864.821;404.262.237;CLAUDIO COELLO, CALLE, DE,45
93;23/06/2014;04  SALAMANCA;01 RECOLETOS;CALLE DE GOYA;3;BiciMAD;24;-36.894.124;404.256.984;GOYA, CALLE, DE,3
94;23/06/2014;04  SALAMANCA;01 RECOLETOS;PASEO DE RECOLETOS ;S/N;BiciMAD;24;-36.907.044;404.233.686;RECOLETOS, PASEO, DE,S/N
95;23/06/2014;04  SALAMANCA;01 RECOLETOS;CALLE DE CLAUDIO COELLO ;19;BiciMAD;24;-36.869.914;404.226.634;CLAUDIO COELLO, CALLE, DE,19
96;23/06/2014;04  SALAMANCA;01 RECOLETOS;CALLE DE ALCALA ;111;BiciMAD;27;-36.820.471;404.220.516;ALCALA, CALLE, DE,111
97;23/06/2014;04  SALAMANCA;02 GOYA;AVENIDA DE MENENDEZ PELAYO;1;BiciMAD;24;-36.801.515;404.224.846;MENENDEZ PELAYO, AVENIDA, DE,1
98;23/06/2014;04  SALAMANCA;02 GOYA;AVENIDA DE FELIPE II ;5;BiciMAD;24;-36.754.079;404.241.911;FELIPE II, AVENIDA, DE,5
99;23/06/2014;04  SALAMANCA;02 GOYA;CALLE DE ALCANTARA ;2;BiciMAD;24;-36.739.638;404.261.048;ALCANTARA, CALLE, DE,2
100;23/06/2014;04  SALAMANCA;02 GOYA;CALLE DE GOYA;99;BiciMAD;24;-36.738.777;404.247.843;GOYA, CALLE, DE,99
101;23/06/2014;04  SALAMANCA;02 GOYA;CALLE DE JORGE JUAN ;131;BiciMAD;24;-36.694.246;404.231.223;JORGE JUAN, CALLE, DE,131
102;23/06/2014;04  SALAMANCA;01 RECOLETOS;CALLE DE ALCALA ;95;BiciMAD;24;-36.840.806;404.211.552;ALCALA, CALLE, DE,95
103;23/06/2014;04  SALAMANCA;06 CASTELLANA;CALLE DE JOSE ORTEGA Y GASSET;4;BiciMAD;24;-36.865.351;404.303.733;JOSE ORTEGA Y GASSET, CALLE, DE,4
104;23/06/2014;04  SALAMANCA;01 RECOLETOS;PASEO DE LA CASTELLANA ;4;BiciMAD;21;-36.895.792;404.267.658;CASTELLANA, PASEO, DE LA,4
105;23/06/2014;04  SALAMANCA;01 RECOLETOS;CALLE DE SERRANO;46;BiciMAD;24;-36.874.745;404.270.684;SERRANO, CALLE, DE,46
106;23/06/2014;04  SALAMANCA;01 RECOLETOS;CALLE DE SERRANO;32;BiciMAD;36;-3.687.876;404.249.335;SERRANO, CALLE, DE,32
107;23/06/2014;04  SALAMANCA;01 RECOLETOS;CALLE DE SERRANO;8;BiciMAD;24;-36.884.243;404.215.952;SERRANO, CALLE, DE,8
108;23/06/2014;04  SALAMANCA;02 GOYA;CALLE DE LOS MARTIRES CONCEPCIONISTAS;2;BiciMAD;24;-3.670.653;404.274.425;MARTIRES CONCEPCIONISTAS, CALLE, DE LOS,2
109;23/06/2014;04  SALAMANCA;06 CASTELLANA;CALLE DE JOSE ORTEGA Y GASSET;32;BiciMAD;24;-36.815.253;404.301.281;JOSE ORTEGA Y GASSET, CALLE, DE,32
110;23/06/2014;09  MONCLOA-ARAVACA;01 CASA DE CAMPO;PASEO DE MORET ;S/N;BiciMAD;24;-37.201.316;404.347.654;MORET, PASEO, DE,S/N
111a;23/06/2014;07  CHAMBERÍ;01 GAZTAMBIDE;CALLE DEL ARCIPRESTE DE HITA;8;BiciMAD;24;-37.174.896;404.335.742;ARCIPRESTE DE HITA, CALLE, DEL,8
111b;23/06/2014;07  CHAMBERÍ;01 GAZTAMBIDE;CALLE DEL ARCIPRESTE DE HITA;10;BiciMAD;24;-37.177.783;40.433.982;ARCIPRESTE DE HITA, CALLE, DEL,10
112;23/06/2014;09  MONCLOA-ARAVACA;02 ARGÜELLES;PASEO DE MORET ;11;BiciMAD;24;-37.248.727;404.326.267;MORET, PASEO, DE,11
113;23/06/2014;09  MONCLOA-ARAVACA;01 CASA DE CAMPO;PASEO DEL PINTOR ROSALES ;S/N;BiciMAD;24;-37.207.145;404.277.472;PINTOR ROSALES, PASEO, DEL,S/N
114;23/06/2014;09  MONCLOA-ARAVACA;02 ARGÜELLES;CALLE DE QUINTANA;13;BiciMAD;24;-37.174.108;404.278.199;QUINTANA, CALLE, DE,13
115;23/06/2014;09  MONCLOA-ARAVACA;02 ARGÜELLES;PLAZA DEL MARQUES DE CERRALBO;S/N;BiciMAD;24;-37.169.626;404.253.802;MARQUES DE CERRALBO, PLAZA, DEL,S/N
116a;23/06/2014;09  MONCLOA-ARAVACA;02 ARGÜELLES;PLAZA DE ESPAÑA ;S/N;BiciMAD;24;-37.118.199;404.241.079;ESPAÑA, PLAZA, DE,S/N
116b;23/06/2014;09  MONCLOA-ARAVACA;02 ARGÜELLES;PLAZA DE ESPAÑA ;S/N;BiciMAD;24;-37.118.905;404.241.996;ESPAÑA, PLAZA, DE,S/N
117;26/06/2014;09  MONCLOA-ARAVACA;02 ARGÜELLES;CALLE DE ALTAMIRANO ;24;BiciMAD;24;-37.189.152;404.309.046;ALTAMIRANO, CALLE, DE,24
118;23/06/2014;02  ARGANZUELA;06 PALOS DE MOGUER;CALLE DE JUAN MARTIN EL EMPECINADO ;16;BiciMAD;24;-36.881.393;404.007.979;JUAN MARTIN EL EMPECINADO, CALLE, DE,16
119;23/06/2014;02  ARGANZUELA;07 ATOCHA;CALLE DE MENDEZ ALVARO ;7;BiciMAD;24;-36.865.777;404.014.567;MENDEZ ALVARO, CALLE, DE,7
120;23/06/2014;02  ARGANZUELA;06 PALOS DE MOGUER;CALLE DE PALOS DE LA FRONTERA;27;BiciMAD;24;-36.946.097;404.030.247;PALOS DE LA FRONTERA, CALLE, DE,27
121;23/06/2014;02  ARGANZUELA;06 PALOS DE MOGUER;PASEO DE SANTA MARIA DE LA CABEZA;58;BiciMAD;24;-36.986.046;404.018.356;SANTA MARIA DE LA CABEZA, PASEO, DE,58
122;23/06/2014;07  CHAMBERÍ;04 ALMAGRO;CALLE DE SANTA ENGRACIA ;16;BiciMAD;24;-36.962.626;40.429.524;SANTA ENGRACIA, CALLE, DE,16
123;23/06/2014;07  CHAMBERÍ;01 GAZTAMBIDE;CALLE DE GUZMAN EL BUENO;2;BiciMAD;24;-37.134.685;404.306.386;GUZMAN EL BUENO, CALLE, DE,2
124;01/07/2015;07  CHAMBERÍ;03 TRAFALGAR;CALLE DE MANUEL SILVELA ;18;BiciMAD;24;-36.993.182;404.308.173;MANUEL SILVELA, CALLE, DE,18
125;01/07/2015;07  CHAMBERÍ;04 ALMAGRO;CALLE DE FERNANDEZ DE LA HOZ;29;BiciMAD;24;-36.948.375;404.353.145;FERNANDEZ DE LA HOZ, CALLE, DE,29
126;01/07/2015;07  CHAMBERÍ;03 TRAFALGAR;CALLE DEL GENERAL ALVAREZ DE CASTRO ;4;BiciMAD;24;-37.017.424;404.345.672;GENERAL ALVAREZ DE CASTRO, CALLE, DEL,4
127;01/07/2015;07  CHAMBERÍ;02 ARAPILES;CALLE DE FERNANDO EL CATOLICO;19;BiciMAD;24;-37.083.987;40.433.908;FERNANDO EL CATOLICO, CALLE, DE,19
128;01/07/2015;07  CHAMBERÍ;01 GAZTAMBIDE;CALLE DE CEA BERMUDEZ;59;BiciMAD;24;-37.155.889;404.390.413;CEA BERMUDEZ, CALLE, DE,59
129;01/07/2015;07  CHAMBERÍ;05 RÍOS ROSAS;CALLE DE JOSE ABASCAL;33;BiciMAD;24;-36.982.986;404.384.622;JOSE ABASCAL, CALLE, DE,33
130;21/06/2017;07  CHAMBERÍ;05 RÍOS ROSAS;CALLE DE SANTA ENGRACIA ;129;BiciMAD;18;-37.017.555;404.417.512;SANTA ENGRACIA, CALLE, DE,129
131;01/07/2015;07  CHAMBERÍ;05 RÍOS ROSAS;CALLE DE BRAVO MURILLO ;44;BiciMAD;24;-37.040.233;404.417.479;BRAVO MURILLO, CALLE, DE,44
132;01/07/2015;07  CHAMBERÍ;05 RÍOS ROSAS;CALLE DE SANTA ENGRACIA ;168;BiciMAD;24;-37.035.911;404.463.889;SANTA ENGRACIA, CALLE, DE,168
133;01/07/2015;06  TETUÁN;02 CUATRO CAMINOS;CALLE DE DULCINEA;3;BiciMAD;24;-37.000.292;404.471.673;DULCINEA, CALLE, DE,3
134;01/07/2015;07  CHAMBERÍ;05 RÍOS ROSAS;CALLE DE MARIA DE GUZMAN;58;BiciMAD;24;-36.955.092;404.440.317;MARIA DE GUZMAN, CALLE, DE,58
135;01/04/2015;07  CHAMBERÍ;05 RÍOS ROSAS;PLAZA DE SAN JUAN DE LA CRUZ;S/N;BiciMAD;24;-36.928.896;40.441.484;SAN JUAN DE LA CRUZ, PLAZA, DE,S/N
136;01/07/2015;05  CHAMARTÍN;01 EL VISO;PASEO DE LA CASTELLANA ;106;BiciMAD;24;-36.908.127;404.452.833;CASTELLANA, PASEO, DE LA,106
137;01/07/2015;05  CHAMARTÍN;01 EL VISO;PLAZA DE LA REPUBLICA ARGENTINA;6;BiciMAD;24;-36.852.925;404.454.958;REPUBLICA ARGENTINA, PLAZA, DE LA,6
138;01/07/2015;07  CHAMBERÍ;05 RÍOS ROSAS;PASEO DE LA CASTELLANA ;S/N;BiciMAD;24;-36.915.818;404.456.884;CASTELLANA, PASEO, DE LA,S/N
139;01/07/2015;05  CHAMARTÍN;01 EL VISO;CALLE DE JOSE GUTIERREZ ABASCAL ;S/N;BiciMAD;24;-36.904.495;404.393.558;JOSE GUTIERREZ ABASCAL, CALLE, DE,S/N
140;01/07/2015;05  CHAMARTÍN;01 EL VISO;CALLE DE VELAZQUEZ ;134;BiciMAD;24;-36.829.088;404.386.081;VELAZQUEZ, CALLE, DE,134
141;01/07/2015;07  CHAMBERÍ;04 ALMAGRO;PASEO DE LA CASTELLANA ;43;BiciMAD;24;-36.892.902;404.354.253;CASTELLANA, PASEO, DE LA,43
142;01/07/2015;04  SALAMANCA;06 CASTELLANA;PASEO DE LA CASTELLANA ;S/N;BiciMAD;24;-36.880.402;404.335.262;CASTELLANA, PASEO, DE LA,S/N
143;01/07/2015;04  SALAMANCA;05 LISTA;CALLE DE DIEGO DE LEON ;54;BiciMAD;24;-36.782.355;40.434.616;DIEGO DE LEON, CALLE, DE,54
144;20/06/2015;04  SALAMANCA;05 LISTA;CALLE DE JUAN BRAVO ;50;BiciMAD;24;-36.754.628;404.323.192;JUAN BRAVO, CALLE, DE,50
145;01/07/2015;04  SALAMANCA;05 LISTA;CALLE DE JOSE ORTEGA Y GASSET;87;BiciMAD;24;-3.671.401;404.297.717;JOSE ORTEGA Y GASSET, CALLE, DE,87
146;20/06/2015;05  CHAMARTÍN;01 EL VISO;CALLE DE MARIA FRANCISCA;1;BiciMAD;24;-36.787.983;404.442.372;MARIA FRANCISCA, CALLE, DE,1
147;01/07/2015;05  CHAMARTÍN;01 EL VISO;AVENIDA DEL DOCTOR ARCE;45;BiciMAD;24;-36.795.811;404.483.353;DOCTOR ARCE, AVENIDA, DEL,45
148;01/07/2015;05  CHAMARTÍN;01 EL VISO;CALLE DE SERRANO;210;BiciMAD;24;-36.817.012;404.510.228;SERRANO, CALLE, DE,210
149;01/07/2015;05  CHAMARTÍN;01 EL VISO;PASEO DE LA HABANA ;42;BiciMAD;24;-36.878.481;40.449.845;LA HABANA, PASEO, DE,42
150;01/07/2015;05  CHAMARTÍN;01 EL VISO;PASEO DE LA CASTELLANA ;S/N;BiciMAD;24;-36.905.376;404.491.555;CASTELLANA, PASEO, DE LA,S/N
151;01/07/2015;06  TETUÁN;02 CUATRO CAMINOS;CALLE DE ORENSE ;10;BiciMAD;24;-36.952.117;404.488.617;ORENSE, CALLE, DE,10
152;01/07/2015;06  TETUÁN;02 CUATRO CAMINOS;AVENIDA DEL GENERAL PERON ;S/N;BiciMAD;24;-36.989.497;404.527.163;GENERAL PERON, AVENIDA, DEL,S/N
153;01/07/2015;06  TETUÁN;02 CUATRO CAMINOS;AVENIDA DEL GENERAL PERON ;S/N;BiciMAD;24;-36.930.944;404.523.394;GENERAL PERON, AVENIDA, DEL,S/N
154;01/07/2015;06  TETUÁN;02 CUATRO CAMINOS;CALLE DE ORENSE ;36;BiciMAD;24;-36.946.897;40.454.776;ORENSE, CALLE, DE,36
155;01/07/2015;06  TETUÁN;02 CUATRO CAMINOS;CALLE DE SAN GERMÁN ;55;BiciMAD;24;-37.008.905;404.572.961;SAN GERMÁN, CALLE, DE,55
156;01/07/2015;06  TETUÁN;03 CASTILLEJOS;CALLE DE SOR ANGELA DE LA CRUZ ;S/N;BiciMAD;24;-36.913.229;404.592.406;SOR ANGELA DE LA CRUZ, CALLE, DE,S/N
157;01/07/2015;05  CHAMARTÍN;05 NUEVA ESPAÑA;PASEO DE LA CASTELLANA ;S/N;BiciMAD;24;-36.893.305;40.459.282;CASTELLANA, PASEO, DE LA,S/N
158;01/07/2015;05  CHAMARTÍN;04 HISPANOAMÉRICA;AVENIDA DE ALBERTO ALCOCER;22 A;BiciMAD;24;-36.847.049;4.045.862;ALBERTO ALCOCER, AVENIDA, DE,22 A
159;01/07/2015;05  CHAMARTÍN;04 HISPANOAMÉRICA;PASEO DE LA HABANA ;63;BiciMAD;24;-36.837.348;404.542.549;LA HABANA, PASEO, DE,63
160;01/07/2015;05  CHAMARTÍN;04 HISPANOAMÉRICA;CALLE DE COLOMBIA;7;BiciMAD;24;-36.765.407;404.571.887;COLOMBIA, CALLE, DE,7
161;01/07/2015;09  MONCLOA-ARAVACA;01 CASA DE CAMPO;PASEO DE LA FLORIDA;8;BiciMAD;24;-3.722.035;404.221.254;FLORIDA, PASEO, DE LA,8
162;01/07/2015;02  ARGANZUELA;02 ACACIAS;PASEO DE LOS OLMOS ;28;BiciMAD;24;-37.107.559;404.035.176;OLMOS, PASEO, DE LOS,28
163;01/07/2015;02  ARGANZUELA;02 ACACIAS;PASEO DE LA ESPERANZA ;;BiciMAD;24;-37.064.372;404.036.349;ESPERANZA, PASEO, DE LA,
164;01/07/2015;02  ARGANZUELA;05 DELICIAS;PASEO DE LAS DELICIAS;92;BiciMAD;24;-36.944.786;403.971.621;DELICIAS, PASEO, DE LAS,92
165;01/07/2015;02  ARGANZUELA;03 CHOPERA;PASEO DE LA CHOPERA;47;BiciMAD;24;-36.977.928;403.929.735;CHOPERA, PASEO, DE LA,47
166;23/06/2016;01  CENTRO;01 PALACIO;CALLE DE SEGOVIA;26;BiciMAD;24;-37.133.497;404.139.487;SEGOVIA, CALLE, DE,26
167;22/05/2017;02  ARGANZUELA;01 IMPERIAL;CALLE DE SEGOVIA;45;BiciMAD;24;-37.175.955;404.137.262;SEGOVIA, CALLE, DE,45
